username,status,platform,timestamp
wdl,UNKNOWN,Discord,2026-08-22T09:40:08.351556
p84,UNKNOWN,Discord,2026-08-22T09:40:08.351556
an1,UNKNOWN,Discord,2026-08-22T09:40:08.351556
8nu,UNKNOWN,Discord,2026-08-22T09:40:08.351556
rx2,UNKNOWN,Discord,2026-08-22T09:40:08.351556
akc,UNKNOWN,Discord,2026-08-22T09:40:08.351556
wy7,UNKNOWN,Discord,2026-08-22T09:40:08.351556
h4p,UNKNOWN,Discord,2026-08-22T09:40:08.351556
x2s,UNKNOWN,Discord,2026-08-22T09:40:08.351556
hrr,UNKNOWN,Discord,2026-08-22T09:40:08.351556
vum,UNKNOWN,Discord,2026-08-22T09:40:08.351556
b8x,UNKNOWN,Discord,2026-08-22T09:40:08.351556
aja,UNKNOWN,Discord,2026-08-22T09:40:08.351556
dzj,UNKNOWN,Discord,2026-08-22T09:40:08.351556
yy8,UNKNOWN,Discord,2026-08-22T09:40:08.351556
n50,UNKNOWN,Discord,2026-08-22T09:40:08.351556
zus,UNKNOWN,Discord,2026-08-22T09:40:08.351556
99r,UNKNOWN,Discord,2026-08-22T09:40:08.351556
2e4,UNKNOWN,Discord,2026-08-22T09:40:08.351556
ig1,UNKNOWN,Discord,2026-08-22T09:40:08.351556
ybk,UNKNOWN,Discord,2026-08-22T09:40:08.351556
kk5,UNKNOWN,Discord,2026-08-22T09:40:08.351556
fmc,UNKNOWN,Discord,2026-08-22T09:40:08.351556
460,UNKNOWN,Discord,2026-08-22T09:40:08.351556
qpa,UNKNOWN,Discord,2026-08-22T09:40:08.351556
51a,UNKNOWN,Discord,2026-08-22T09:40:08.351556
79w,UNKNOWN,Discord,2026-08-22T09:40:08.351556
p19,UNKNOWN,Discord,2026-08-22T09:40:08.351556
fah,UNKNOWN,Discord,2026-08-22T09:40:08.351556
zya,UNKNOWN,Discord,2026-08-22T09:40:08.351556
57o,UNKNOWN,Discord,2026-08-22T09:40:08.351556
hnf,UNKNOWN,Discord,2026-08-22T09:40:08.351556
llx,UNKNOWN,Discord,2026-08-22T09:40:08.351556
ujr,UNKNOWN,Discord,2026-08-22T09:40:08.351556
po0,UNKNOWN,Discord,2026-08-22T09:40:08.351556
6jt,UNKNOWN,Discord,2026-08-22T09:40:08.351556
ju3,UNKNOWN,Discord,2026-08-22T09:40:08.351556
g1x,UNKNOWN,Discord,2026-08-22T09:40:08.351556
ox8,UNKNOWN,Discord,2026-08-22T09:40:08.351556
e65,UNKNOWN,Discord,2026-08-22T09:40:08.351556
xvn,UNKNOWN,Discord,2026-08-22T09:40:08.351556
o62,UNKNOWN,Discord,2026-08-22T09:40:08.351556